{
    "iptm+ptm": {
        "model_1_multimer_v3_pred_0": 0.4261423162190754,
        "model_2_multimer_v3_pred_0": 0.36491466429738884,
        "model_3_multimer_v3_pred_0": 0.2174398825084674,
        "model_4_multimer_v3_pred_0": 0.6712258336608736,
        "model_5_multimer_v3_pred_0": 0.4105111780684069
    },
    "order": [
        "model_4_multimer_v3_pred_0",
        "model_1_multimer_v3_pred_0",
        "model_5_multimer_v3_pred_0",
        "model_2_multimer_v3_pred_0",
        "model_3_multimer_v3_pred_0"
    ]
}