{
    "iptm+ptm": {
        "model_1_multimer_v3_pred_0": 0.21064484109608497,
        "model_2_multimer_v3_pred_0": 0.23024608944962996,
        "model_3_multimer_v3_pred_0": 0.21404877389111127,
        "model_4_multimer_v3_pred_0": 0.3412622906265262,
        "model_5_multimer_v3_pred_0": 0.2938262998989676
    },
    "order": [
        "model_4_multimer_v3_pred_0",
        "model_5_multimer_v3_pred_0",
        "model_2_multimer_v3_pred_0",
        "model_3_multimer_v3_pred_0",
        "model_1_multimer_v3_pred_0"
    ]
}