{
    "iptm+ptm": {
        "model_1_multimer_v3_pred_0": 0.35891020877822144,
        "model_2_multimer_v3_pred_0": 0.29114623341183643,
        "model_3_multimer_v3_pred_0": 0.24568173570753854,
        "model_4_multimer_v3_pred_0": 0.49664972786560335,
        "model_5_multimer_v3_pred_0": 0.30588876072457377
    },
    "order": [
        "model_4_multimer_v3_pred_0",
        "model_1_multimer_v3_pred_0",
        "model_5_multimer_v3_pred_0",
        "model_2_multimer_v3_pred_0",
        "model_3_multimer_v3_pred_0"
    ]
}