{
    "iptm+ptm": {
        "model_1_multimer_v3_pred_0": 0.29839735075249485,
        "model_2_multimer_v3_pred_0": 0.3319728532438205,
        "model_3_multimer_v3_pred_0": 0.23265252632923591,
        "model_4_multimer_v3_pred_0": 0.24913669908995856,
        "model_5_multimer_v3_pred_0": 0.24194700808155592
    },
    "order": [
        "model_2_multimer_v3_pred_0",
        "model_1_multimer_v3_pred_0",
        "model_4_multimer_v3_pred_0",
        "model_5_multimer_v3_pred_0",
        "model_3_multimer_v3_pred_0"
    ]
}